{
  "aggregate_id": "p1_corrected_synthetic_paper_fix_theorem_regime_aggregate",
  "claim_summary": {
    "becr_repairs_relative_to_raw": true,
    "becr_residual_small": true,
    "clipped_repairs_relative_to_raw": true,
    "coupled_worse_than_becr": true,
    "no_lower_worse_than_becr": true,
    "raw_cumulative_phi_finite": true,
    "raw_nonzero_stationary": true,
    "statement": "Raw Fira-style recovery leaves a nonzero orthogonal gradient; clipped recovery and BECR repair it, while residual without bounded transmission remains worse than BECR."
  },
  "experiment_name": "theorem_regime",
  "methods": {
    "becr": {
      "consumed_noise_hash": "e9a15a094703faaea3fdf53af7e04da21717008ab4bb228799712b2fced03c65",
      "f_final": 1.558266937690068e-64,
      "family": "corrected_residual_coordinate_diagnostic",
      "final_x": 1.3573540178138776e-180,
      "final_y": 1.765370747287984e-32,
      "grad_norm_auc": 9.873482324561856,
      "grad_norm_final": 1.765370747287984e-32,
      "grad_par_norm_final": 0.0,
      "grad_perp_norm_final": 1.9945931725668454e-32,
      "limiter_count": 0,
      "method": "becr",
      "noise_hash": "e9a15a094703faaea3fdf53af7e04da21717008ab4bb228799712b2fced03c65",
      "phi_raw_cum_final": 1.318252858503685,
      "phi_raw_p95": 5.507822683980291e-09,
      "phi_raw_p99": 0.06594459196886496,
      "residual_norm_final": 2.2922242527886129e-32,
      "residual_update_error_max": 0.0,
      "s_applied_cum_final": 120.12204776989333,
      "seed": 0
    },
    "coupled_unbounded": {
      "consumed_noise_hash": "e9a15a094703faaea3fdf53af7e04da21717008ab4bb228799712b2fced03c65",
      "f_final": 0.22561855875920195,
      "family": "corrected_residual_coordinate_diagnostic",
      "final_x": 1.3573540178138776e-180,
      "final_y": 0.6717418533323675,
      "grad_norm_auc": 405.0510896732875,
      "grad_norm_final": 0.6717418533323675,
      "grad_par_norm_final": 0.0,
      "grad_perp_norm_final": 0.6717418533323675,
      "limiter_count": 0,
      "method": "coupled_unbounded",
      "noise_hash": "e9a15a094703faaea3fdf53af7e04da21717008ab4bb228799712b2fced03c65",
      "phi_raw_cum_final": 1.318252858503685,
      "phi_raw_p95": 5.507822683980291e-09,
      "phi_raw_p99": 0.06594459196886496,
      "residual_norm_final": 401.4275822008719,
      "residual_update_error_max": 0.0,
      "s_applied_cum_final": 120.12204776989333,
      "seed": 0
    },
    "fira_clipped": {
      "consumed_noise_hash": "e9a15a094703faaea3fdf53af7e04da21717008ab4bb228799712b2fced03c65",
      "f_final": 5.374910250496333e-56,
      "family": "fira_style_coordinate_diagnostic",
      "final_x": 1.3573540178138776e-180,
      "final_y": 3.2786918886947376e-28,
      "grad_norm_auc": 9.758311475293226,
      "grad_norm_final": 3.2786918886947376e-28,
      "grad_par_norm_final": 0.0,
      "grad_perp_norm_final": 3.642990987438597e-28,
      "limiter_count": 0,
      "method": "fira_clipped",
      "noise_hash": "e9a15a094703faaea3fdf53af7e04da21717008ab4bb228799712b2fced03c65",
      "phi_raw_cum_final": 1.318252858503685,
      "phi_raw_p95": 5.507822683980291e-09,
      "phi_raw_p99": 0.06594459196886496,
      "residual_norm_final": 0.0,
      "residual_update_error_max": 0.0,
      "s_applied_cum_final": 120.12204776989333,
      "seed": 0
    },
    "fira_raw": {
      "consumed_noise_hash": "e9a15a094703faaea3fdf53af7e04da21717008ab4bb228799712b2fced03c65",
      "f_final": 0.12500000000000006,
      "family": "fira_style_coordinate_diagnostic",
      "final_x": 1.3573540178138776e-180,
      "final_y": 0.5000000000000001,
      "grad_norm_auc": 302.14273349607083,
      "grad_norm_final": 0.5000000000000001,
      "grad_par_norm_final": 0.0,
      "grad_perp_norm_final": 0.5000000000000001,
      "limiter_count": 0,
      "method": "fira_raw",
      "noise_hash": "e9a15a094703faaea3fdf53af7e04da21717008ab4bb228799712b2fced03c65",
      "phi_raw_cum_final": 1.318252858503685,
      "phi_raw_p95": 5.507822683980291e-09,
      "phi_raw_p99": 0.06594459196886496,
      "residual_norm_final": 0.0,
      "residual_update_error_max": 0.0,
      "s_applied_cum_final": 1.318252858503685,
      "seed": 0
    },
    "proj_baseline": {
      "consumed_noise_hash": "e9a15a094703faaea3fdf53af7e04da21717008ab4bb228799712b2fced03c65",
      "f_final": 0.5,
      "family": "fira_style_coordinate_diagnostic",
      "final_x": 1.3573540178138776e-180,
      "final_y": 1.0,
      "grad_norm_auc": 600.6937687606423,
      "grad_norm_final": 1.0,
      "grad_par_norm_final": 0.0,
      "grad_perp_norm_final": 1.0,
      "limiter_count": 0,
      "method": "proj_baseline",
      "noise_hash": "e9a15a094703faaea3fdf53af7e04da21717008ab4bb228799712b2fced03c65",
      "phi_raw_cum_final": 1.318252858503685,
      "phi_raw_p95": 5.507822683980291e-09,
      "phi_raw_p99": 0.06594459196886496,
      "residual_norm_final": 0.0,
      "residual_update_error_max": 0.0,
      "s_applied_cum_final": 0.0,
      "seed": 0
    },
    "rho_no_lower_bound": {
      "consumed_noise_hash": "e9a15a094703faaea3fdf53af7e04da21717008ab4bb228799712b2fced03c65",
      "f_final": 0.22561855875920195,
      "family": "corrected_residual_coordinate_diagnostic",
      "final_x": 1.3573540178138776e-180,
      "final_y": 0.6717418533323675,
      "grad_norm_auc": 405.0510896732875,
      "grad_norm_final": 0.6717418533323675,
      "grad_par_norm_final": 0.0,
      "grad_perp_norm_final": 0.6717418533323675,
      "limiter_count": 0,
      "method": "rho_no_lower_bound",
      "noise_hash": "e9a15a094703faaea3fdf53af7e04da21717008ab4bb228799712b2fced03c65",
      "phi_raw_cum_final": 1.318252858503685,
      "phi_raw_p95": 5.507822683980291e-09,
      "phi_raw_p99": 0.06594459196886496,
      "residual_norm_final": 401.4275822008719,
      "residual_update_error_max": 0.0,
      "s_applied_cum_final": 120.12204776989333,
      "seed": 0
    }
  },
  "paper_quality": true,
  "seed_count": 1,
  "source_manifest_paths": [
    "/tmp/becr_p1_corrected_synthetic_fix/p1_corrected_synthetic_paper_fix/theorem_regime/runs/p1_corrected_synthetic_reruns_theorem_regime_proj_baseline_seed000_20260628T143328Z_ac56a7c_990cd5c7/manifest.json",
    "/tmp/becr_p1_corrected_synthetic_fix/p1_corrected_synthetic_paper_fix/theorem_regime/runs/p1_corrected_synthetic_reruns_theorem_regime_fira_raw_seed000_20260628T143328Z_ac56a7c_990cd5c7/manifest.json",
    "/tmp/becr_p1_corrected_synthetic_fix/p1_corrected_synthetic_paper_fix/theorem_regime/runs/p1_corrected_synthetic_reruns_theorem_regime_fira_clipped_seed000_20260628T143328Z_ac56a7c_990cd5c7/manifest.json",
    "/tmp/becr_p1_corrected_synthetic_fix/p1_corrected_synthetic_paper_fix/theorem_regime/runs/p1_corrected_synthetic_reruns_theorem_regime_becr_seed000_20260628T143329Z_ac56a7c_990cd5c7/manifest.json",
    "/tmp/becr_p1_corrected_synthetic_fix/p1_corrected_synthetic_paper_fix/theorem_regime/runs/p1_corrected_synthetic_reruns_theorem_regime_rho_no_lower_bound_seed000_20260628T143329Z_ac56a7c_990cd5c7/manifest.json",
    "/tmp/becr_p1_corrected_synthetic_fix/p1_corrected_synthetic_paper_fix/theorem_regime/runs/p1_corrected_synthetic_reruns_theorem_regime_coupled_unbounded_seed000_20260628T143329Z_ac56a7c_990cd5c7/manifest.json"
  ],
  "source_run_ids": [
    "p1_corrected_synthetic_reruns_theorem_regime_proj_baseline_seed000_20260628T143328Z_ac56a7c_990cd5c7",
    "p1_corrected_synthetic_reruns_theorem_regime_fira_raw_seed000_20260628T143328Z_ac56a7c_990cd5c7",
    "p1_corrected_synthetic_reruns_theorem_regime_fira_clipped_seed000_20260628T143328Z_ac56a7c_990cd5c7",
    "p1_corrected_synthetic_reruns_theorem_regime_becr_seed000_20260628T143329Z_ac56a7c_990cd5c7",
    "p1_corrected_synthetic_reruns_theorem_regime_rho_no_lower_bound_seed000_20260628T143329Z_ac56a7c_990cd5c7",
    "p1_corrected_synthetic_reruns_theorem_regime_coupled_unbounded_seed000_20260628T143329Z_ac56a7c_990cd5c7"
  ],
  "theorem_conditions": {
    "M0": 0.25,