{
  "aggregate_id": "p1_corrected_synthetic_paper_fix_high_dimensional_fixed_aggregate",
  "claim_summary": {
    "becr_orthogonal_gradient_mean": 7.020872899202875e-32,
    "becr_reduces_orthogonal_stale_channel": true,
    "clipped_orthogonal_gradient_mean": 1.2951551820682708e-27,
    "clipped_reduces_orthogonal_stale_channel": true,
    "full_stationarity_claim_supported": false,
    "raw_orthogonal_gradient_mean": 1.5062689690658424,
    "statement": "In the corrected fixed-stale synthetic, clipping and BECR fix the orthogonal stale channel relative to raw recovery. The projected branch can still leave nonzero parallel gradient, so this summary does not claim universal full stationarity."
  },
  "experiment_name": "high_dimensional_fixed",
  "methods": {
    "becr": {
      "count": 6,
      "grad_norm_ci_high": 0.5245084971874737,
      "grad_norm_ci_low": 0.03450849718747373,
      "grad_norm_mean": 0.2795084971874737,
      "grad_par_norm_mean": 0.27950849718747367,
      "grad_perp_norm_mean": 7.020872899202875e-32,
      "label": "becr",
      "phi_raw_p95_values": [
        1.2409411192256556e-08,
        1.2788609212449014e-08,
        1.2221847955940064e-08,
        0.28685613890902967,
        0.28685613890902967,
        0.2868561389090297
      ],
      "residual_norm_mean": 8.068520115602566e-32
    },
    "coupled_unbounded": {
      "count": 6,
      "grad_norm_ci_high": 3.9905610693675877,
      "grad_norm_ci_low": 0.78453421714317,
      "grad_norm_mean": 2.387547643255379,
      "grad_par_norm_mean": 0.27950849718747367,
      "grad_perp_norm_mean": 2.108039146067905,
      "label": "coupled_unbounded",
      "phi_raw_p95_values": [
        1.2409411192256556e-08,
        1.2788609212449014e-08,
        1.2221847955940064e-08,
        0.28685613890902967,
        0.28685613890902967,
        0.2868561389090297
      ],
      "residual_norm_mean": 1256.9952934067476
    },
    "fira_clipped": {
      "count": 6,
      "grad_norm_ci_high": 0.5245084971874737,
      "grad_norm_ci_low": 0.03450849718747373,
      "grad_norm_mean": 0.2795084971874737,
      "grad_par_norm_mean": 0.27950849718747367,
      "grad_perp_norm_mean": 1.2951551820682708e-27,
      "label": "fira_clipped",
      "phi_raw_p95_values": [
        1.2409411192256556e-08,
        1.2788609212449014e-08,
        1.2221847955940064e-08,
        0.28685613890902967,
        0.28685613890902967,
        0.2868561389090297
      ],
      "residual_norm_mean": 0.0
    },
    "fira_raw": {
      "count": 6,
      "grad_norm_ci_high": 2.861203975757883,
      "grad_norm_ci_low": 0.7103509567487492,
      "grad_norm_mean": 1.7857774662533161,
      "grad_par_norm_mean": 0.27950849718747367,
      "grad_perp_norm_mean": 1.5062689690658424,
      "label": "fira_raw",
      "phi_raw_p95_values": [
        1.2409411192256556e-08,
        1.2788609212449014e-08,
        1.2221847955940064e-08,
        0.28685613890902967,
        0.28685613890902967,
        0.2868561389090297
      ],
      "residual_norm_mean": 0.0
    },
    "proj_baseline": {
      "count": 6,
      "grad_norm_ci_high": 9.7969692733204,
      "grad_norm_ci_low": 9.733224580874474,
      "grad_norm_mean": 9.765096927097437,
      "grad_par_norm_mean": 0.27950849718747367,
      "grad_perp_norm_mean": 9.757096388869577,
      "label": "proj_baseline",
      "phi_raw_p95_values": [
        1.2409411192256556e-08,
        1.2788609212449014e-08,
        1.2221847955940064e-08,
        0.28685613890902967,
        0.28685613890902967,
        0.2868561389090297
      ],
      "residual_norm_mean": 0.0
    },
    "rho_no_lower_bound": {
      "count": 6,
      "grad_norm_ci_high": 3.9905610693675877,
      "grad_norm_ci_low": 0.78453421714317,
      "grad_norm_mean": 2.387547643255379,
      "grad_par_norm_mean": 0.27950849718747367,
      "grad_perp_norm_mean": 2.108039146067905,
      "label": "rho_no_lower_bound",
      "phi_raw_p95_values": [
        1.2409411192256556e-08,
        1.2788609212449014e-08,
        1.2221847955940064e-08,
        0.28685613890902967,
        0.28685613890902967,
        0.2868561389090297
      ],
      "residual_norm_mean": 1256.9952934067476
    }
  },
  "paper_quality": true,
  "seed_count": 3,
  "settings": [
    {
      "d": 100,
      "lam": "flat",
      "r": 5,
      "setting": "flat"
    },
    {
      "d": 100,
      "lam": "block",
      "r": 5,
      "setting": "anisotropic"
    }
  ],