{
  "mode": "full_residual_current_projection",
  "steps": [
    {
      "mode": "full_residual_current_projection",
      "step_index": 0,
      "refresh_happened": true,
      "reset_event": false,
      "basis_overlap": NaN,
      "g": [
        2.0051289150879774,
        1.2039621310464943
      ],
      "A": [
        2.0051289150879774,
        1.2039621310464943
      ],
      "R": [
        2.0051289150879774
      ],
      "Q": [
        0.0,
        1.2039621310464943
      ],
      "P": [
        [
          1.0
        ],
        [
          0.0
        ]
      ],
      "reconstructed": [
        2.0051289150879774,
        0.0
      ],
      "m": [
        0.2005128915087977
      ],
      "v": [
        0.004020541966121893
      ],
      "psi": [
        0.9999999950127896
      ],
      "phi_raw": 0.49872104606386514,
      "s": 0.49872104606386514,
      "rho": 0.5,
      "Z": [
        0.0,
        0.6019810655232471
      ],
      "tau": 1.0,
      "Z_eff": [
        0.0,
        0.6019810655232471
      ],
      "E_next": [
        0.0,
        0.6019810655232471
      ],
      "u_parallel": [
        0.9999999950127896,
        0.0
      ],
      "u_perp": [
        0.0,
        0.30022062670839395
      ],
      "u": [
        0.9999999950127896,
        0.30022062670839395
      ],
      "decomposition_error": 0.0,
      "residual_error": 0.0,
      "state_before_step": {
        "m": [
          0.0
        ],
        "v": [
          0.0
        ],
        "t": 0,
        "e": [
          0.0,
          0.0
        ],
        "e_norm": 0.0,
        "prev_u_perp_norm": 0.0
      },
      "state_after_step": {
        "m": [
          0.2005128915087977
        ],
        "v": [
          0.004020541966121893
        ],
        "t": 1,
        "e": [
          0.0,
          0.6019810655232471
        ],
        "e_norm": 0.6019810655232471,
        "prev_u_perp_norm": 0.30022062670839395
      }
    },
    {
      "mode": "full_residual_current_projection",
      "step_index": 1,
      "refresh_happened": false,
      "reset_event": false,
      "basis_overlap": 1.0,
      "g": [
        1.68370816178789,
        1.02345393848185
      ],
      "A": [
        1.68370816178789,
        1.625435004005097
      ],
      "R": [
        1.68370816178789
      ],
      "Q": [
        0.0,
        1.625435004005097
      ],
      "P": [
        [
          1.0
        ],
        [
          0.0
        ]
      ],
      "reconstructed": [
        1.68370816178789,
        0.0
      ],
      "m": [
        0.3488324185367069
      ],
      "v": [
        0.006851394598226929
      ],
      "psi": [
        0.9916996097545926
      ],
      "phi_raw": 0.5889973252915499,
      "s": 0.5889973252915499,
      "rho": 0.5,
      "Z": [
        0.0,
        0.8127175020025486
      ],
      "tau": 0.7839666806785051,
      "Z_eff": [
        0.0,
        0.6371434423742642
      ],
      "E_next": [
        0.0,
        0.9882915616308329
      ],
      "u_parallel": [
        0.9916996097545926,
        0.0
      ],
      "u_perp": [
        0.0,
        0.3752757833854924
      ],
      "u": [
        0.9916996097545926,
        0.3752757833854924
      ],
      "decomposition_error": 0.0,
      "residual_error": 0.0,
      "state_before_step": {
        "m": [
          0.2005128915087977
        ],
        "v": [
          0.004020541966121893
        ],
        "t": 1,
        "e": [
          0.0,
          0.6019810655232471
        ],
        "e_norm": 0.6019810655232471,
        "prev_u_perp_norm": 0.30022062670839395
      },
      "state_after_step": {
        "m": [
          0.3488324185367069
        ],
        "v": [
          0.006851394598226929
        ],
        "t": 2,
        "e": [
          0.0,
          0.9882915616308329
        ],
        "e_norm": 0.9882915616308329,
        "prev_u_perp_norm": 0.3752757833854924
      }
    },
    {
      "mode": "full_residual_current_projection",
      "step_index": 2,
      "refresh_happened": true,
      "reset_event": false,
      "basis_overlap": 0.0,
      "g": [
        0.955304573334033,
        -2.079107628955014
      ],
      "A": [
        0.955304573334033,
        -1.0908160673241811
      ],
      "R": [
        -1.0908160673241811
      ],
      "Q": [
        0.955304573334033,
        0.0
      ],
      "P": [
        [
          0.0
        ],
        [
          1.0
        ]
      ],
      "reconstructed": [
        0.0,
        -1.0908160673241811
      ],
      "m": [
        -0.10908160673241808
      ],
      "v": [
        0.0011898796927325935
      ],
      "psi": [
        -0.6388135892601937
      ],
      "phi_raw": 0.5856290556582472,
      "s": 0.5856290556582472,
      "rho": 0.5,
      "Z": [
        0.4776522866670165,
        0.0
      ],
      "tau": 1.0,
      "Z_eff": [
        0.4776522866670165,
        0.0
      ],
      "E_next": [
        0.4776522866670165,
        0.0
      ],
      "u_parallel": [
        0.0,
        -0.6388135892601937
      ],
      "u_perp": [
        0.2797270575738072,
        0.0
      ],
      "u": [
        0.2797270575738072,
        -0.6388135892601937
      ],
      "decomposition_error": 0.0,
      "residual_error": 0.0,
      "state_before_step": {
        "m": [
          0.0
        ],
        "v": [
          0.0
        ],
        "t": 2,
        "e": [
          0.0,
          0.9882915616308329
        ],
        "e_norm": 0.9882915616308329,
        "prev_u_perp_norm": 0.3752757833854924
      },
      "state_after_step": {
        "m": [
          -0.10908160673241808
        ],
        "v": [
          0.0011898796927325935
        ],
        "t": 3,
        "e": [
          0.4776522866670165,
          0.0
        ],
        "e_norm": 0.4776522866670165,
        "prev_u_perp_norm": 0.2797270575738072
      }
    },
    {
      "mode": "full_residual_current_projection",
      "step_index": 3,
      "refresh_happened": false,
      "reset_event": false,
      "basis_overlap": 1.0,
      "g": [
        0.8854589536357941,
        -1.5084096658568427
      ],
      "A": [
        1.3631112403028105,
        -1.5084096658568427
      ],
      "R": [
        -1.5084096658568427
      ],
      "Q": [
        1.3631112403028105,
        0.0
      ],
      "P": [
        [
          0.0
        ],
        [
          1.0
        ]
      ],
      "reconstructed": [
        0.0,
        -1.5084096658568427
      ],
      "m": [
        -0.24901441264486052
      ],
      "v": [
        0.0034639895330902146
      ],
      "psi": [
        -0.7775140862797463
      ],
      "phi_raw": 0.5154528631872402,
      "s": 0.5154528631872402,
      "rho": 0.5,
      "Z": [
        0.6815556201514053,
        0.0
      ],
      "tau": 0.9953005185715224,
      "Z_eff": [
        0.6783526621720292,
        0.0
      ],
      "E_next": [
        0.6847585781307813,
        0.0
      ],
      "u_parallel": [
        0.0,
        -0.7775140862797463
      ],
      "u_perp": [
        0.34965882196725906,
        0.0
      ],
      "u": [
        0.34965882196725906,
        -0.7775140862797463
      ],
      "decomposition_error": 0.0,
      "residual_error": 0.0,
      "state_before_step": {
        "m": [
          -0.10908160673241808
        ],
        "v": [
          0.0011898796927325935
        ],
        "t": 3,
        "e": [
          0.4776522866670165,
          0.0
        ],
        "e_norm": 0.4776522866670165,
        "prev_u_perp_norm": 0.2797270575738072
      },
      "state_after_step": {
        "m": [
          -0.24901441264486052
        ],
        "v": [
          0.0034639895330902146
        ],
        "t": 4,
        "e": [
          0.6847585781307813,
          0.0
        ],
        "e_norm": 0.6847585781307813,
        "prev_u_perp_norm": 0.34965882196725906
      }
    },
    {
      "mode": "full_residual_current_projection",
      "step_index": 4,